{
  "Disabled": false,
  "Testing": false,
  "ScheduledForDeletion": false,
  "InstalledFromUrl": "",
  "WorkingPluginId": "a79dc016-0a0c-4ff4-b3d3-07d51b18c7ea",
  "IsThirdParty": false,
  "EffectiveVersion": "1.0.0.0",
  "Author": "wav",
  "Name": "RaidMitigationRecaster",
  "Punchline": "A simple mitigation skill recast management plugin for raids.",
  "Description": "レイド用のシンプルな軽減スキルのリキャスト管理プラグイン。",
  "Changelog": null,
  "Tags": [
    "UI",
    "Recast",
    "Buff"
  ],
  "CategoryTags": null,
  "IsHide": false,
  "InternalName": "RaidMitigationRecaster",
  "AssemblyVersion": "1.0.0.0",
  "TestingAssemblyVersion": "1.0.0.0",
  "IsTestingExclusive": false,
  "RepoUrl": "https://github.com/ktwave/RaidMitigationRecaster/tree/master/RaidMitigationRecaster",
  "ApplicableVersion": "any",
  "DalamudApiLevel": 9,
  "DownloadCount": 0,
  "LastUpdate": 0,
  "DownloadLinkInstall": "https://github.com/ktwave/RaidMitigationRecaster/releases/download/latest/RaidMitigationRecaster.zip",
  "DownloadLinkUpdate": "https://github.com/ktwave/RaidMitigationRecaster/releases/download/latest/RaidMitigationRecaster.zip",
  "DownloadLinkTesting": null,
  "LoadRequiredState": 0,
  "LoadSync": false,
  "LoadPriority": 0,
  "CanUnloadAsync": false,
  "SupportsProfiles": true,
  "ImageUrls": null,
  "IconUrl": null,
  "AcceptsFeedback": true,
  "FeedbackMessage": null,
  "_Dip17Channel": null
}